id,decade,year,month,date,co2raw,co2adj,days
1,1950s,1958,Mar,1958.208,315.71,314.61,
2,1950s,1958,Apr,1958.292,317.45,315.29,
3,1950s,1958,May,1958.375,317.5,314.71,
4,1950s,1958,Jun,1958.458,,314.85,
5,1950s,1958,Jul,1958.542,315.86,314.98,
6,1950s,1958,Aug,1958.625,314.93,315.94,
7,1950s,1958,Sep,1958.708,313.2,315.91,
8,1950s,1958,Oct,1958.792,,315.61,
9,1950s,1958,Nov,1958.875,313.33,315.31,
10,1950s,1958,Dec,1958.958,314.67,315.62,
11,1950s,1959,Jan,1959.042,315.62,315.7,
12,1950s,1959,Feb,1959.125,316.38,315.88,
13,1950s,1959,Mar,1959.208,316.71,315.61,
14,1950s,1959,Apr,1959.292,317.72,315.56,
15,1950s,1959,May,1959.375,318.29,315.5,
16,1950s,1959,Jun,1959.458,318.16,315.92,
17,1950s,1959,Jul,1959.542,316.55,315.66,
18,1950s,1959,Aug,1959.625,314.8,315.81,
19,1950s,1959,Sep,1959.708,313.84,316.55,
20,1950s,1959,Oct,1959.792,313.26,316.19,
21,1950s,1959,Nov,1959.875,314.8,316.78,
22,1950s,1959,Dec,1959.958,315.59,316.52,
23,1960s,1960,Jan,1960.042,316.43,316.51,
24,1960s,1960,Feb,1960.125,316.97,316.47,
25,1960s,1960,Mar,1960.208,317.58,316.48,
26,1960s,1960,Apr,1960.292,319.02,316.86,
27,1960s,1960,May,1960.375,320.02,317.24,
28,1960s,1960,Jun,1960.458,319.59,317.36,
29,1960s,1960,Jul,1960.542,318.18,317.3,
30,1960s,1960,Aug,1960.625,315.91,316.92,
31,1960s,1960,Sep,1960.708,314.16,316.87,
32,1960s,1960,Oct,1960.792,313.83,316.76,
33,1960s,1960,Nov,1960.875,315,316.98,
34,1960s,1960,Dec,1960.958,316.19,317.13,
35,1960s,1961,Jan,1961.042,316.93,317.04,
36,1960s,1961,Feb,1961.125,317.7,317.28,
37,1960s,1961,Mar,1961.208,318.54,317.47,
38,1960s,1961,Apr,1961.292,319.48,317.27,
39,1960s,1961,May,1961.375,320.58,317.7,
40,1960s,1961,Jun,1961.458,319.77,317.48,
41,1960s,1961,Jul,1961.542,318.58,317.7,
42,1960s,1961,Aug,1961.625,316.79,317.8,
43,1960s,1961,Sep,1961.708,314.8,317.49,
44,1960s,1961,Oct,1961.792,315.38,318.35,
45,1960s,1961,Nov,1961.875,316.1,318.13,
46,1960s,1961,Dec,1961.958,317.01,317.94,
47,1960s,1962,Jan,1962.042,317.94,318.06,
48,1960s,1962,Feb,1962.125,318.55,318.11,
49,1960s,1962,Mar,1962.208,319.68,318.57,
50,1960s,1962,Apr,1962.292,320.63,318.45,
51,1960s,1962,May,1962.375,321.01,318.2,
52,1960s,1962,Jun,1962.458,320.55,318.27,
53,1960s,1962,Jul,1962.542,319.58,318.67,
54,1960s,1962,Aug,1962.625,317.4,318.48,
55,1960s,1962,Sep,1962.708,316.26,319.03,
56,1960s,1962,Oct,1962.792,315.42,318.33,
57,1960s,1962,Nov,1962.875,316.69,318.62,
58,1960s,1962,Dec,1962.958,317.7,318.61,
59,1960s,1963,Jan,1963.042,318.74,318.91,
60,1960s,1963,Feb,1963.125,319.08,318.68,
61,1960s,1963,Mar,1963.208,319.86,318.69,
62,1960s,1963,Apr,1963.292,321.39,319.09,
63,1960s,1963,May,1963.375,322.24,319.39,
64,1960s,1963,Jun,1963.458,321.47,319.16,
65,1960s,1963,Jul,1963.542,319.74,318.76,
66,1960s,1963,Aug,1963.625,317.77,318.83,
67,1960s,1963,Sep,1963.708,316.21,319.06,
68,1960s,1963,Oct,1963.792,315.99,319,
69,1960s,1963,Nov,1963.875,317.12,319.1,
70,1960s,1963,Dec,1963.958,318.31,319.25,
71,1960s,1964,Jan,1964.042,319.57,319.67,
72,1960s,1964,Feb,1964.125,,319.61,
73,1960s,1964,Mar,1964.208,,319.55,
74,1960s,1964,Apr,1964.292,,319.48,
75,1960s,1964,May,1964.375,322.24,319.42,
76,1960s,1964,Jun,1964.458,321.89,319.69,
77,1960s,1964,Jul,1964.542,320.44,319.58,
78,1960s,1964,Aug,1964.625,318.7,319.81,
79,1960s,1964,Sep,1964.708,316.7,319.56,
80,1960s,1964,Oct,1964.792,316.79,319.79,
81,1960s,1964,Nov,1964.875,317.79,319.72,
82,1960s,1964,Dec,1964.958,318.71,319.59,
83,1960s,1965,Jan,1965.042,319.44,319.48,
84,1960s,1965,Feb,1965.125,320.44,319.97,
85,1960s,1965,Mar,1965.208,320.89,319.65,
86,1960s,1965,Apr,1965.292,322.13,319.8,
87,1960s,1965,May,1965.375,322.16,319.36,
88,1960s,1965,Jun,1965.458,321.87,319.65,
89,1960s,1965,Jul,1965.542,321.39,320.51,
90,1960s,1965,Aug,1965.625,318.8,319.93,
91,1960s,1965,Sep,1965.708,317.81,320.68,
92,1960s,1965,Oct,1965.792,317.3,320.36,
93,1960s,1965,Nov,1965.875,318.87,320.87,
94,1960s,1965,Dec,1965.958,319.42,320.26,
95,1960s,1966,Jan,1966.042,320.62,320.62,
96,1960s,1966,Feb,1966.125,321.59,321.1,
97,1960s,1966,Mar,1966.208,322.39,321.16,
98,1960s,1966,Apr,1966.292,323.87,321.51,
99,1960s,1966,May,1966.375,324.01,321.18,
100,1960s,1966,Jun,1966.458,323.75,321.52,
101,1960s,1966,Jul,1966.542,322.4,321.49,
102,1960s,1966,Aug,1966.625,320.37,321.5,
103,1960s,1966,Sep,1966.708,318.64,321.54,
104,1960s,1966,Oct,1966.792,318.1,321.18,
105,1960s,1966,Nov,1966.875,319.78,321.84,
106,1960s,1966,Dec,1966.958,321.08,321.95,
107,1960s,1967,Jan,1967.042,322.06,322.07,
108,1960s,1967,Feb,1967.125,322.5,321.94,
109,1960s,1967,Mar,1967.208,323.04,321.72,
110,1960s,1967,Apr,1967.292,324.42,322.05,
111,1960s,1967,May,1967.375,325,322.27,
112,1960s,1967,Jun,1967.458,324.09,321.94,
113,1960s,1967,Jul,1967.542,322.55,321.66,
114,1960s,1967,Aug,1967.625,320.92,322.04,
115,1960s,1967,Sep,1967.708,319.31,322.19,
116,1960s,1967,Oct,1967.792,319.31,322.36,
117,1960s,1967,Nov,1967.875,320.72,322.78,
118,1960s,1967,Dec,1967.958,321.96,322.86,
119,1960s,1968,Jan,1968.042,322.57,322.55,
120,1960s,1968,Feb,1968.125,323.15,322.56,
121,1960s,1968,Mar,1968.208,323.89,322.59,
122,1960s,1968,Apr,1968.292,325.02,322.73,
123,1960s,1968,May,1968.375,325.57,322.87,
124,1960s,1968,Jun,1968.458,325.36,323.2,
125,1960s,1968,Jul,1968.542,324.14,323.25,
126,1960s,1968,Aug,1968.625,322.03,323.15,
127,1960s,1968,Sep,1968.708,320.41,323.31,
128,1960s,1968,Oct,1968.792,320.25,323.32,
129,1960s,1968,Nov,1968.875,321.31,323.32,
130,1960s,1968,Dec,1968.958,322.84,323.69,
131,1960s,1969,Jan,1969.042,324,323.98,
132,1960s,1969,Feb,1969.125,324.42,323.89,
133,1960s,1969,Mar,1969.208,325.64,324.41,
134,1960s,1969,Apr,1969.292,326.66,324.35,
135,1960s,1969,May,1969.375,327.34,324.57,
136,1960s,1969,Jun,1969.458,326.76,324.63,
137,1960s,1969,Jul,1969.542,325.88,325.07,
138,1960s,1969,Aug,1969.625,323.67,324.8,
139,1960s,1969,Sep,1969.708,322.38,325.28,
140,1960s,1969,Oct,1969.792,321.78,324.84,
141,1960s,1969,Nov,1969.875,322.85,324.78,
142,1960s,1969,Dec,1969.958,324.12,324.88,
143,1970s,1970,Jan,1970.042,325.03,325.04,
144,1970s,1970,Feb,1970.125,325.99,325.42,
145,1970s,1970,Mar,1970.208,326.87,325.69,
146,1970s,1970,Apr,1970.292,328.14,325.86,
147,1970s,1970,May,1970.375,328.07,325.27,
148,1970s,1970,Jun,1970.458,327.66,325.52,
149,1970s,1970,Jul,1970.542,326.35,325.51,
150,1970s,1970,Aug,1970.625,324.69,325.76,
151,1970s,1970,Sep,1970.708,323.1,325.93,
152,1970s,1970,Oct,1970.792,323.16,326.15,
153,1970s,1970,Nov,1970.875,323.98,325.96,
154,1970s,1970,Dec,1970.958,325.13,326.06,
155,1970s,1971,Jan,1971.042,326.17,326.26,
156,1970s,1971,Feb,1971.125,326.68,326.09,
157,1970s,1971,Mar,1971.208,327.18,325.94,
158,1970s,1971,Apr,1971.292,327.78,325.47,
159,1970s,1971,May,1971.375,328.92,326.11,
160,1970s,1971,Jun,1971.458,328.57,326.41,
161,1970s,1971,Jul,1971.542,327.34,326.46,
162,1970s,1971,Aug,1971.625,325.46,326.49,
163,1970s,1971,Sep,1971.708,323.36,326.18,
164,1970s,1971,Oct,1971.792,323.56,326.58,
165,1970s,1971,Nov,1971.875,324.8,326.82,
166,1970s,1971,Dec,1971.958,326.01,327.02,
167,1970s,1972,Jan,1972.042,326.77,326.86,
168,1970s,1972,Feb,1972.125,327.63,327.05,
169,1970s,1972,Mar,1972.208,327.75,326.52,
170,1970s,1972,Apr,1972.292,329.72,327.41,
171,1970s,1972,May,1972.375,330.07,327.21,
172,1970s,1972,Jun,1972.458,329.09,326.94,
173,1970s,1972,Jul,1972.542,328.05,327.24,
174,1970s,1972,Aug,1972.625,326.32,327.37,
175,1970s,1972,Sep,1972.708,324.93,327.73,
176,1970s,1972,Oct,1972.792,325.06,328.05,
177,1970s,1972,Nov,1972.875,326.5,328.5,
178,1970s,1972,Dec,1972.958,327.55,328.56,
179,1970s,1973,Jan,1973.042,328.55,328.58,
180,1970s,1973,Feb,1973.125,329.56,328.87,
181,1970s,1973,Mar,1973.208,330.3,328.99,
182,1970s,1973,Apr,1973.292,331.5,329.12,
183,1970s,1973,May,1973.375,332.48,329.6,
184,1970s,1973,Jun,1973.458,332.07,329.96,
185,1970s,1973,Jul,1973.542,330.87,330.1,
186,1970s,1973,Aug,1973.625,329.31,330.43,
187,1970s,1973,Sep,1973.708,327.51,330.43,
188,1970s,1973,Oct,1973.792,327.18,330.23,
189,1970s,1973,Nov,1973.875,328.16,330.17,
190,1970s,1973,Dec,1973.958,328.64,329.66,
191,1970s,1974,Jan,1974.042,329.35,329.44,
192,1970s,1974,Feb,1974.125,330.71,330.11,
193,1970s,1974,Mar,1974.208,331.48,330.19,
194,1970s,1974,Apr,1974.292,332.65,330.25,
195,1970s,1974,May,1974.375,333.15,330.25,14
196,1970s,1974,Jun,1974.458,332.13,329.93,26
197,1970s,1974,Jul,1974.542,330.99,330.2,24
198,1970s,1974,Aug,1974.625,329.17,330.31,27
199,1970s,1974,Sep,1974.708,327.41,330.35,24
200,1970s,1974,Oct,1974.792,327.21,330.29,24
201,1970s,1974,Nov,1974.875,328.34,330.33,27
202,1970s,1974,Dec,1974.958,329.5,330.47,28
203,1970s,1975,Jan,1975.042,330.68,330.81,29
204,1970s,1975,Feb,1975.125,331.41,330.86,26
205,1970s,1975,Mar,1975.208,331.85,330.49,18
206,1970s,1975,Apr,1975.292,333.29,330.77,25
207,1970s,1975,May,1975.375,333.91,330.94,28
208,1970s,1975,Jun,1975.458,333.4,331.18,26
209,1970s,1975,Jul,1975.542,331.74,330.92,24
210,1970s,1975,Aug,1975.625,329.88,331.06,24
211,1970s,1975,Sep,1975.708,328.57,331.54,23
212,1970s,1975,Oct,1975.792,328.35,331.46,12
213,1970s,1975,Nov,1975.875,329.33,331.39,19
214,1970s,1975,Dec,1975.958,,331.6,0
215,1970s,1976,Jan,1976.042,331.66,331.82,20
216,1970s,1976,Feb,1976.125,332.75,332.19,22
217,1970s,1976,Mar,1976.208,333.46,331.99,20
218,1970s,1976,Apr,1976.292,334.78,332.24,19
219,1970s,1976,May,1976.375,334.79,331.86,22
220,1970s,1976,Jun,1976.458,334.05,331.74,17
221,1970s,1976,Jul,1976.542,332.95,332.06,16
222,1970s,1976,Aug,1976.625,330.64,331.87,23
223,1970s,1976,Sep,1976.708,328.96,331.94,13
224,1970s,1976,Oct,1976.792,328.77,331.92,20
225,1970s,1976,Nov,1976.875,330.18,332.33,25
226,1970s,1976,Dec,1976.958,331.65,332.69,20
227,1970s,1977,Jan,1977.042,332.69,332.75,24
228,1970s,1977,Feb,1977.125,333.23,332.6,19
229,1970s,1977,Mar,1977.208,334.97,333.36,23
230,1970s,1977,Apr,1977.292,336.03,333.39,21
231,1970s,1977,May,1977.375,336.82,333.87,20
232,1970s,1977,Jun,1977.458,336.1,333.76,22
233,1970s,1977,Jul,1977.542,334.79,333.96,21
234,1970s,1977,Aug,1977.625,332.53,333.92,18
235,1970s,1977,Sep,1977.708,331.19,334.27,19
236,1970s,1977,Oct,1977.792,331.21,334.43,23
237,1970s,1977,Nov,1977.875,332.35,334.59,21
238,1970s,1977,Dec,1977.958,333.47,334.48,26
239,1970s,1978,Jan,1978.042,335.09,335.11,22
240,1970s,1978,Feb,1978.125,335.26,334.58,25
241,1970s,1978,Mar,1978.208,336.62,334.95,28
242,1970s,1978,Apr,1978.292,337.77,335.11,18
243,1970s,1978,May,1978.375,338,335.05,26
244,1970s,1978,Jun,1978.458,337.98,335.6,17
245,1970s,1978,Jul,1978.542,336.48,335.68,22
246,1970s,1978,Aug,1978.625,334.37,335.88,19
247,1970s,1978,Sep,1978.708,332.33,335.49,17
248,1970s,1978,Oct,1978.792,332.4,335.66,23
249,1970s,1978,Nov,1978.875,333.76,336.01,24
250,1970s,1978,Dec,1978.958,334.83,335.79,27
251,1970s,1979,Jan,1979.042,336.21,336.21,27
252,1970s,1979,Feb,1979.125,336.64,335.92,26
253,1970s,1979,Mar,1979.208,338.13,336.37,21
254,1970s,1979,Apr,1979.292,338.96,336.2,21
255,1970s,1979,May,1979.375,339.02,336.03,12
256,1970s,1979,Jun,1979.458,339.2,336.82,19
257,1970s,1979,Jul,1979.542,337.6,336.8,26
258,1970s,1979,Aug,1979.625,335.56,337.12,23
259,1970s,1979,Sep,1979.708,333.93,337.18,19
260,1970s,1979,Oct,1979.792,334.12,337.45,24
261,1970s,1979,Nov,1979.875,335.26,337.53,27
262,1970s,1979,Dec,1979.958,336.78,337.74,22
263,1980s,1980,Jan,1980.042,337.8,337.94,29
264,1980s,1980,Feb,1980.125,338.28,337.71,26
265,1980s,1980,Mar,1980.208,340.04,338.4,25
266,1980s,1980,Apr,1980.292,340.86,338.2,24
267,1980s,1980,May,1980.375,341.47,338.48,25
268,1980s,1980,Jun,1980.458,341.26,338.82,22
269,1980s,1980,Jul,1980.542,339.34,338.5,21
270,1980s,1980,Aug,1980.625,337.45,338.93,17
271,1980s,1980,Sep,1980.708,336.1,339.27,17
272,1980s,1980,Oct,1980.792,336.05,339.32,25
273,1980s,1980,Nov,1980.875,337.21,339.37,24
274,1980s,1980,Dec,1980.958,338.29,339.21,19
275,1980s,1981,Jan,1981.042,339.36,339.4,28
276,1980s,1981,Feb,1981.125,340.51,339.87,25
277,1980s,1981,Mar,1981.208,341.57,339.95,25
278,1980s,1981,Apr,1981.292,342.56,339.93,24
279,1980s,1981,May,1981.375,343.01,340.01,30
280,1980s,1981,Jun,1981.458,342.51,340.05,25
281,1980s,1981,Jul,1981.542,340.71,339.84,24
282,1980s,1981,Aug,1981.625,338.51,339.98,26
283,1980s,1981,Sep,1981.708,336.96,340.17,27
284,1980s,1981,Oct,1981.792,337.13,340.44,28
285,1980s,1981,Nov,1981.875,338.58,340.74,25
286,1980s,1981,Dec,1981.958,339.91,340.79,19
287,1980s,1982,Jan,1982.042,340.92,341.02,27
288,1980s,1982,Feb,1982.125,341.69,341.04,23
289,1980s,1982,Mar,1982.208,342.87,341.18,18
290,1980s,1982,Apr,1982.292,343.83,341.21,8
291,1980s,1982,May,1982.375,344.3,341.29,26
292,1980s,1982,Jun,1982.458,343.42,341,26
293,1980s,1982,Jul,1982.542,341.85,341.1,28
294,1980s,1982,Aug,1982.625,339.82,341.32,24
295,1980s,1982,Sep,1982.708,337.98,341.19,21
296,1980s,1982,Oct,1982.792,338.09,341.42,26
297,1980s,1982,Nov,1982.875,339.24,341.37,25
298,1980s,1982,Dec,1982.958,340.67,341.54,26
299,1980s,1983,Jan,1983.042,341.42,341.56,28
300,1980s,1983,Feb,1983.125,342.67,342.07,24
301,1980s,1983,Mar,1983.208,343.45,341.88,26
302,1980s,1983,Apr,1983.292,345.08,342.45,24
303,1980s,1983,May,1983.375,345.76,342.62,28
304,1980s,1983,Jun,1983.458,345.33,342.87,20
305,1980s,1983,Jul,1983.542,343.93,343.23,20
306,1980s,1983,Aug,1983.625,342.08,343.55,16
307,1980s,1983,Sep,1983.708,340,343.15,15
308,1980s,1983,Oct,1983.792,340.12,343.44,20
309,1980s,1983,Nov,1983.875,341.35,343.47,26
310,1980s,1983,Dec,1983.958,342.89,343.78,19
311,1980s,1984,Jan,1984.042,343.87,343.95,23
312,1980s,1984,Feb,1984.125,344.59,344,23
313,1980s,1984,Mar,1984.208,345.29,343.78,19
314,1980s,1984,Apr,1984.292,,343.99,2
315,1980s,1984,May,1984.375,347.36,344.2,21
316,1980s,1984,Jun,1984.458,346.8,344.35,21
317,1980s,1984,Jul,1984.542,345.37,344.67,21
318,1980s,1984,Aug,1984.625,343.06,344.53,12
319,1980s,1984,Sep,1984.708,341.24,344.41,14
320,1980s,1984,Oct,1984.792,341.54,344.84,12
321,1980s,1984,Nov,1984.875,342.9,345,18
322,1980s,1984,Dec,1984.958,344.36,345.22,12
323,1980s,1985,Jan,1985.042,345.08,345.17,23
324,1980s,1985,Feb,1985.125,345.89,345.29,17
325,1980s,1985,Mar,1985.208,347.49,346.04,16
326,1980s,1985,Apr,1985.292,348.02,345.45,19
327,1980s,1985,May,1985.375,348.75,345.61,24
328,1980s,1985,Jun,1985.458,348.19,345.75,23
329,1980s,1985,Jul,1985.542,346.49,345.72,18
330,1980s,1985,Aug,1985.625,344.7,346.1,18
331,1980s,1985,Sep,1985.708,343.04,346.17,25
332,1980s,1985,Oct,1985.792,342.92,346.2,20
333,1980s,1985,Nov,1985.875,344.22,346.37,22
334,1980s,1985,Dec,1985.958,345.61,346.56,25
335,1980s,1986,Jan,1986.042,346.42,346.44,23
336,1980s,1986,Feb,1986.125,346.95,346.39,25
337,1980s,1986,Mar,1986.208,347.88,346.52,17
338,1980s,1986,Apr,1986.292,349.57,347.01,22
339,1980s,1986,May,1986.375,350.35,347.22,18
340,1980s,1986,Jun,1986.458,349.7,347.27,17
341,1980s,1986,Jul,1986.542,347.78,346.99,20
342,1980s,1986,Aug,1986.625,345.89,347.3,18
343,1980s,1986,Sep,1986.708,344.88,348.01,17
344,1980s,1986,Oct,1986.792,344.34,347.56,26
345,1980s,1986,Nov,1986.875,345.67,347.8,23
346,1980s,1986,Dec,1986.958,346.89,347.81,24
347,1980s,1987,Jan,1987.042,348.2,348.12,26
348,1980s,1987,Feb,1987.125,348.55,347.85,25
349,1980s,1987,Mar,1987.208,349.56,348.12,22
350,1980s,1987,Apr,1987.292,351.12,348.59,26
351,1980s,1987,May,1987.375,351.84,348.75,27
352,1980s,1987,Jun,1987.458,351.45,349.09,21
353,1980s,1987,Jul,1987.542,349.77,349.08,16
354,1980s,1987,Aug,1987.625,347.62,349.16,14
355,1980s,1987,Sep,1987.708,346.37,349.57,23
356,1980s,1987,Oct,1987.792,346.48,349.74,22
357,1980s,1987,Nov,1987.875,347.8,349.92,22
358,1980s,1987,Dec,1987.958,349.03,349.92,27
359,1980s,1988,Jan,1988.042,350.23,350.18,24
360,1980s,1988,Feb,1988.125,351.58,350.87,24
361,1980s,1988,Mar,1988.208,352.22,350.71,25
362,1980s,1988,Apr,1988.292,353.53,350.87,27
363,1980s,1988,May,1988.375,354.14,350.96,28
364,1980s,1988,Jun,1988.458,353.64,351.26,26
365,1980s,1988,Jul,1988.542,352.53,351.9,27
366,1980s,1988,Aug,1988.625,350.42,351.97,26
367,1980s,1988,Sep,1988.708,348.84,352.04,27
368,1980s,1988,Oct,1988.792,348.94,352.21,26
369,1980s,1988,Nov,1988.875,349.99,352.16,25
370,1980s,1988,Dec,1988.958,351.29,352.21,28
371,1980s,1989,Jan,1989.042,352.72,352.63,27
372,1980s,1989,Feb,1989.125,353.1,352.37,25
373,1980s,1989,Mar,1989.208,353.64,352.17,29
374,1980s,1989,Apr,1989.292,355.43,352.76,28
375,1980s,1989,May,1989.375,355.7,352.47,28
376,1980s,1989,Jun,1989.458,355.11,352.69,26
377,1980s,1989,Jul,1989.542,353.79,353.16,25
378,1980s,1989,Aug,1989.625,351.42,353.03,24
379,1980s,1989,Sep,1989.708,349.83,353.08,23
380,1980s,1989,Oct,1989.792,350.1,353.35,25
381,1980s,1989,Nov,1989.875,351.26,353.43,27
382,1980s,1989,Dec,1989.958,352.66,353.61,27
383,1990s,1990,Jan,1990.042,353.63,353.55,25
384,1990s,1990,Feb,1990.125,354.72,354.01,28
385,1990s,1990,Mar,1990.208,355.49,354.02,28
386,1990s,1990,Apr,1990.292,356.1,353.49,28
387,1990s,1990,May,1990.375,357.08,353.9,29
388,1990s,1990,Jun,1990.458,356.11,353.7,29
389,1990s,1990,Jul,1990.542,354.67,354.06,30
390,1990s,1990,Aug,1990.625,352.67,354.32,22
391,1990s,1990,Sep,1990.708,351.05,354.32,27
392,1990s,1990,Oct,1990.792,351.36,354.59,28
393,1990s,1990,Nov,1990.875,352.81,354.88,24
394,1990s,1990,Dec,1990.958,354.21,355.06,28
395,1990s,1991,Jan,1991.042,354.87,354.82,28
396,1990s,1991,Feb,1991.125,355.67,354.96,27
397,1990s,1991,Mar,1991.208,357,355.5,30
398,1990s,1991,Apr,1991.292,358.4,355.77,30
399,1990s,1991,May,1991.375,359,355.84,29
400,1990s,1991,Jun,1991.458,357.99,355.64,29
401,1990s,1991,Jul,1991.542,355.96,355.37,24
402,1990s,1991,Aug,1991.625,353.78,355.42,25
403,1990s,1991,Sep,1991.708,352.2,355.51,27
404,1990s,1991,Oct,1991.792,352.22,355.46,27
405,1990s,1991,Nov,1991.875,353.7,355.69,28
406,1990s,1991,Dec,1991.958,354.98,355.79,30
407,1990s,1992,Jan,1992.042,356.08,355.99,31
408,1990s,1992,Feb,1992.125,356.84,356.15,27
409,1990s,1992,Mar,1992.208,357.73,356.19,24
410,1990s,1992,Apr,1992.292,358.91,356.21,27
411,1990s,1992,May,1992.375,359.45,356.24,26
412,1990s,1992,Jun,1992.458,359.19,356.79,30
413,1990s,1992,Jul,1992.542,356.72,356.14,26
414,1990s,1992,Aug,1992.625,354.77,356.49,23
415,1990s,1992,Sep,1992.708,352.8,356.16,26
416,1990s,1992,Oct,1992.792,353.21,356.49,29
417,1990s,1992,Nov,1992.875,354.15,356.2,29
418,1990s,1992,Dec,1992.958,355.39,356.24,31
419,1990s,1993,Jan,1993.042,356.76,356.7,28
420,1990s,1993,Feb,1993.125,357.17,356.31,28
421,1990s,1993,Mar,1993.208,358.26,356.6,30
422,1990s,1993,Apr,1993.292,359.17,356.5,25
423,1990s,1993,May,1993.375,360.07,356.89,30
424,1990s,1993,Jun,1993.458,359.41,356.98,28
425,1990s,1993,Jul,1993.542,357.36,356.78,25
426,1990s,1993,Aug,1993.625,355.29,357,27
427,1990s,1993,Sep,1993.708,353.96,357.33,23
428,1990s,1993,Oct,1993.792,354.03,357.38,28
429,1990s,1993,Nov,1993.875,355.27,357.4,29
430,1990s,1993,Dec,1993.958,356.7,357.59,30
431,1990s,1994,Jan,1994.042,358.05,357.93,27
432,1990s,1994,Feb,1994.125,358.8,357.97,25
433,1990s,1994,Mar,1994.208,359.67,358.03,29
434,1990s,1994,Apr,1994.292,361.13,358.39,28
435,1990s,1994,May,1994.375,361.48,358.25,30
436,1990s,1994,Jun,1994.458,360.6,358.2,27
437,1990s,1994,Jul,1994.542,359.2,358.61,31
438,1990s,1994,Aug,1994.625,357.23,358.94,24
439,1990s,1994,Sep,1994.708,355.42,358.85,24
440,1990s,1994,Oct,1994.792,355.89,359.28,28
441,1990s,1994,Nov,1994.875,357.41,359.56,28
442,1990s,1994,Dec,1994.958,358.74,359.61,28
443,1990s,1995,Jan,1995.042,359.73,359.61,30
444,1990s,1995,Feb,1995.125,360.61,359.84,28
445,1990s,1995,Mar,1995.208,361.6,360.02,29
446,1990s,1995,Apr,1995.292,363.05,360.38,29
447,1990s,1995,May,1995.375,363.62,360.46,29
448,1990s,1995,Jun,1995.458,363.03,360.68,27
449,1990s,1995,Jul,1995.542,361.55,360.88,28
450,1990s,1995,Aug,1995.625,358.94,360.54,25
451,1990s,1995,Sep,1995.708,357.93,361.31,24
452,1990s,1995,Oct,1995.792,357.8,361.15,29
453,1990s,1995,Nov,1995.875,359.22,361.35,27
454,1990s,1995,Dec,1995.958,360.42,361.32,30
455,1990s,1996,Jan,1996.042,361.83,361.61,29
456,1990s,1996,Feb,1996.125,362.94,362.07,27
457,1990s,1996,Mar,1996.208,363.91,362.27,27
458,1990s,1996,Apr,1996.292,364.28,361.59,29
459,1990s,1996,May,1996.375,364.93,361.88,30
460,1990s,1996,Jun,1996.458,364.7,362.41,30
461,1990s,1996,Jul,1996.542,363.31,362.6,31
462,1990s,1996,Aug,1996.625,361.15,362.78,28
463,1990s,1996,Sep,1996.708,359.41,362.82,25
464,1990s,1996,Oct,1996.792,359.34,362.69,29
465,1990s,1996,Nov,1996.875,360.62,362.76,29
466,1990s,1996,Dec,1996.958,361.96,362.82,29
467,1990s,1997,Jan,1997.042,362.81,362.62,31
468,1990s,1997,Feb,1997.125,363.87,363.07,27
469,1990s,1997,Mar,1997.208,364.25,362.66,31
470,1990s,1997,Apr,1997.292,366.02,363.37,21
471,1990s,1997,May,1997.375,366.47,363.54,29
472,1990s,1997,Jun,1997.458,365.36,363.17,27
473,1990s,1997,Jul,1997.542,364.1,363.39,24
474,1990s,1997,Aug,1997.625,361.89,363.54,25
475,1990s,1997,Sep,1997.708,360.05,363.49,26
476,1990s,1997,Oct,1997.792,360.49,363.78,27
477,1990s,1997,Nov,1997.875,362.21,364.26,30
478,1990s,1997,Dec,1997.958,364.12,364.89,30
479,1990s,1998,Jan,1998.042,365,364.81,30
480,1990s,1998,Feb,1998.125,365.82,365,28
481,1990s,1998,Mar,1998.208,366.95,365.34,31
482,1990s,1998,Apr,1998.292,368.42,365.83,29
483,1990s,1998,May,1998.375,369.33,366.42,30
484,1990s,1998,Jun,1998.458,368.78,366.57,28
485,1990s,1998,Jul,1998.542,367.59,366.91,23
486,1990s,1998,Aug,1998.625,365.81,367.21,30
487,1990s,1998,Sep,1998.708,363.83,367.16,28
488,1990s,1998,Oct,1998.792,364.18,367.46,30
489,1990s,1998,Nov,1998.875,365.36,367.42,23
490,1990s,1998,Dec,1998.958,366.87,367.69,26
491,1990s,1999,Jan,1999.042,367.97,367.75,27
492,1990s,1999,Feb,1999.125,368.83,368.02,22
493,1990s,1999,Mar,1999.208,369.46,367.84,25
494,1990s,1999,Apr,1999.292,370.77,368.26,29
495,1990s,1999,May,1999.375,370.66,367.7,26
496,1990s,1999,Jun,1999.458,370.1,367.96,26
497,1990s,1999,Jul,1999.542,369.1,368.42,27
498,1990s,1999,Aug,1999.625,366.7,368.23,25
499,1990s,1999,Sep,1999.708,364.61,368,28
500,1990s,1999,Oct,1999.792,365.17,368.43,31
501,1990s,1999,Nov,1999.875,366.51,368.49,28
502,1990s,1999,Dec,1999.958,367.85,368.53,26
503,2000s,2000,Jan,2000.042,369.07,368.87,26
504,2000s,2000,Feb,2000.125,369.32,368.6,19
505,2000s,2000,Mar,2000.208,370.38,368.87,30
506,2000s,2000,Apr,2000.292,371.63,369.15,27
507,2000s,2000,May,2000.375,371.32,368.49,28
508,2000s,2000,Jun,2000.458,371.51,369.32,28
509,2000s,2000,Jul,2000.542,369.69,369.03,25
510,2000s,2000,Aug,2000.625,368.18,369.72,27
511,2000s,2000,Sep,2000.708,366.87,370.13,26
512,2000s,2000,Oct,2000.792,366.94,370.16,30
513,2000s,2000,Nov,2000.875,368.27,370.23,25
514,2000s,2000,Dec,2000.958,369.62,370.27,30
515,2000s,2001,Jan,2001.042,370.47,370.31,30
516,2000s,2001,Feb,2001.125,371.44,370.72,26
517,2000s,2001,Mar,2001.208,372.39,370.85,26
518,2000s,2001,Apr,2001.292,373.32,370.75,29
519,2000s,2001,May,2001.375,373.77,370.87,24
520,2000s,2001,Jun,2001.458,373.13,370.93,26
521,2000s,2001,Jul,2001.542,371.51,370.87,25
522,2000s,2001,Aug,2001.625,369.59,371.15,27
523,2000s,2001,Sep,2001.708,368.12,371.39,28
524,2000s,2001,Oct,2001.792,368.38,371.61,31
525,2000s,2001,Nov,2001.875,369.64,371.64,24
526,2000s,2001,Dec,2001.958,371.11,371.81,29
527,2000s,2002,Jan,2002.042,372.38,372.15,28
528,2000s,2002,Feb,2002.125,373.08,372.21,28
529,2000s,2002,Mar,2002.208,373.87,372.17,24
530,2000s,2002,Apr,2002.292,374.93,372.26,29
531,2000s,2002,May,2002.375,375.58,372.67,29
532,2000s,2002,Jun,2002.458,375.44,373.24,28
533,2000s,2002,Jul,2002.542,373.91,373.29,26
534,2000s,2002,Aug,2002.625,371.77,373.42,28
535,2000s,2002,Sep,2002.708,370.72,373.98,23
536,2000s,2002,Oct,2002.792,370.5,373.82,31
537,2000s,2002,Nov,2002.875,372.19,374.31,29
538,2000s,2002,Dec,2002.958,373.71,374.49,31
539,2000s,2003,Jan,2003.042,374.92,374.63,30
540,2000s,2003,Feb,2003.125,375.63,374.78,27
541,2000s,2003,Mar,2003.208,376.51,374.81,28
542,2000s,2003,Apr,2003.292,377.75,375.02,27
543,2000s,2003,May,2003.375,378.54,375.56,30
544,2000s,2003,Jun,2003.458,378.21,376,25
545,2000s,2003,Jul,2003.542,376.65,376.18,29
546,2000s,2003,Aug,2003.625,374.28,376.01,23
547,2000s,2003,Sep,2003.708,373.12,376.5,25
548,2000s,2003,Oct,2003.792,373.1,376.44,30
549,2000s,2003,Nov,2003.875,374.67,376.84,26
550,2000s,2003,Dec,2003.958,375.97,376.77,27
551,2000s,2004,Jan,2004.042,377.03,376.81,30
552,2000s,2004,Feb,2004.125,377.87,376.97,29
553,2000s,2004,Mar,2004.208,378.88,377.1,28
554,2000s,2004,Apr,2004.292,380.42,377.66,26
555,2000s,2004,May,2004.375,380.62,377.52,28
556,2000s,2004,Jun,2004.458,379.66,377.28,21
557,2000s,2004,Jul,2004.542,377.48,377.05,25
558,2000s,2004,Aug,2004.625,376.07,377.86,16
559,2000s,2004,Sep,2004.708,374.1,377.5,15
560,2000s,2004,Oct,2004.792,374.47,377.8,29
561,2000s,2004,Nov,2004.875,376.15,378.15,29
562,2000s,2004,Dec,2004.958,377.51,378.3,30
563,2000s,2005,Jan,2005.042,378.43,378.21,31
564,2000s,2005,Feb,2005.125,379.7,378.94,24
565,2000s,2005,Mar,2005.208,380.91,379.55,26
566,2000s,2005,Apr,2005.292,382.2,379.53,26
567,2000s,2005,May,2005.375,382.45,379.3,31
568,2000s,2005,Jun,2005.458,382.14,379.84,28
569,2000s,2005,Jul,2005.542,380.6,380.15,29
570,2000s,2005,Aug,2005.625,378.6,380.37,26
571,2000s,2005,Sep,2005.708,376.72,379.97,26
572,2000s,2005,Oct,2005.792,376.98,380.27,14
573,2000s,2005,Nov,2005.875,378.29,380.44,23
574,2000s,2005,Dec,2005.958,380.07,380.73,26
575,2000s,2006,Jan,2006.042,381.36,381.09,24
576,2000s,2006,Feb,2006.125,382.19,381.33,25
577,2000s,2006,Mar,2006.208,382.65,381.11,30
578,2000s,2006,Apr,2006.292,384.65,381.98,25
579,2000s,2006,May,2006.375,384.94,381.76,24
580,2000s,2006,Jun,2006.458,384.01,381.75,28
581,2000s,2006,Jul,2006.542,382.15,381.77,24
582,2000s,2006,Aug,2006.625,380.33,382.06,27
583,2000s,2006,Sep,2006.708,378.81,382.18,27
584,2000s,2006,Oct,2006.792,379.06,382.43,23
585,2000s,2006,Nov,2006.875,380.17,382.34,29
586,2000s,2006,Dec,2006.958,381.85,382.55,27
587,2000s,2007,Jan,2007.042,382.89,382.7,24
588,2000s,2007,Feb,2007.125,383.77,382.92,21
589,2000s,2007,Mar,2007.208,384.42,382.88,26
590,2000s,2007,Apr,2007.292,386.36,383.53,26
591,2000s,2007,May,2007.375,386.53,383.29,29
592,2000s,2007,Jun,2007.458,386.01,383.74,26
593,2000s,2007,Jul,2007.542,384.45,383.96,27
594,2000s,2007,Aug,2007.625,381.96,383.66,22
595,2000s,2007,Sep,2007.708,380.81,384.16,21
596,2000s,2007,Oct,2007.792,381.09,384.44,29
597,2000s,2007,Nov,2007.875,382.37,384.61,30
598,2000s,2007,Dec,2007.958,383.84,384.79,21
599,2000s,2008,Jan,2008.042,385.42,385.19,31
600,2000s,2008,Feb,2008.125,385.72,384.86,26
601,2000s,2008,Mar,2008.208,385.96,384.34,30
602,2000s,2008,Apr,2008.292,387.18,384.43,24
603,2000s,2008,May,2008.375,388.5,385.32,25
604,2000s,2008,Jun,2008.458,387.88,385.61,23
605,2000s,2008,Jul,2008.542,386.38,385.87,10
606,2000s,2008,Aug,2008.625,384.15,385.81,25
607,2000s,2008,Sep,2008.708,383.07,386.4,27
608,2000s,2008,Oct,2008.792,382.98,386.28,23
609,2000s,2008,Nov,2008.875,384.11,386.29,28
610,2000s,2008,Dec,2008.958,385.54,386.43,29
611,2000s,2009,Jan,2009.042,386.92,386.72,30
612,2000s,2009,Feb,2009.125,387.42,386.56,26
613,2000s,2009,Mar,2009.208,388.79,387.18,28
614,2000s,2009,Apr,2009.292,389.47,386.71,29
615,2000s,2009,May,2009.375,390.18,387.01,30
616,2000s,2009,Jun,2009.458,389.37,387.16,29
617,2000s,2009,Jul,2009.542,387.79,387.25,22
618,2000s,2009,Aug,2009.625,385.92,387.59,27
619,2000s,2009,Sep,2009.71,384.78,388.11,28
620,2000s,2009,Oct,2009.792,384.38,387.68,30
621,2000s,2009,Nov,2009.875,385.99,388.17,30
622,2000s,2009,Dec,2009.958,387.27,388.16,20
623,2010s,2010,Jan,2010.042,388.5,388.23,30
624,2010s,2010,Feb,2010.125,389.94,389.06,20
625,2010s,2010,Mar,2010.208,391.09,389.6,25
626,2010s,2010,Apr,2010.292,392.52,389.94,26
627,2010s,2010,May,2010.375,393.04,389.86,28
628,2010s,2010,Jun,2010.458,392.15,389.84,28
629,2010s,2010,Jul,2010.542,390.22,389.75,29
630,2010s,2010,Aug,2010.625,388.26,389.94,26
631,2010s,2010,Sep,2010.708,386.83,390.09,29
632,2010s,2010,Oct,2010.792,387.2,390.49,31
633,2010s,2010,Nov,2010.875,388.65,390.79,28
634,2010s,2010,Dec,2010.958,389.73,390.54,29
635,2010s,2011,Jan,2011.042,391.25,390.99,29
636,2010s,2011,Feb,2011.125,391.82,391,28
637,2010s,2011,Mar,2011.208,392.49,390.99,29
638,2010s,2011,Apr,2011.292,393.34,390.67,28
639,2010s,2011,May,2011.375,394.21,390.98,30
640,2010s,2011,Jun,2011.458,393.72,391.37,28
641,2010s,2011,Jul,2011.542,392.42,391.94,26
642,2010s,2011,Aug,2011.625,390.19,391.91,27
643,2010s,2011,Sep,2011.708,389.04,392.34,26
644,2010s,2011,Oct,2011.792,388.96,392.27,31
645,2010s,2011,Nov,2011.875,390.24,392.42,28
646,2010s,2011,Dec,2011.958,391.83,392.63,28
647,2010s,2012,Jan,2012.042,393.12,392.86,30
648,2010s,2012,Feb,2012.125,393.6,392.78,26
649,2010s,2012,Mar,2012.208,394.45,392.94,30
650,2010s,2012,Apr,2012.292,396.18,393.51,29
651,2010s,2012,May,2012.375,396.78,393.55,30
652,2010s,2012,Jun,2012.458,395.83,393.48,28
653,2010s,2012,Jul,2012.542,394.3,393.81,26
654,2010s,2012,Aug,2012.625,392.41,394.14,30
655,2010s,2012,Sep,2012.708,391.06,394.35,27
656,2010s,2012,Oct,2012.792,391.01,394.32,28
657,2010s,2012,Nov,2012.875,392.81,394.98,29
658,2010s,2012,Dec,2012.958,394.28,395.09,29
659,2010s,2013,Jan,2013.042,395.54,395.28,28
660,2010s,2013,Feb,2013.125,396.8,395.98,25
661,2010s,2013,Mar,2013.208,397.31,395.81,30
662,2010s,2013,Apr,2013.292,398.35,395.67,22
663,2010s,2013,May,2013.375,399.76,396.54,28
664,2010s,2013,Jun,2013.458,398.58,396.24,26
665,2010s,2013,Jul,2013.542,397.2,396.71,21
666,2010s,2013,Aug,2013.625,395.15,396.87,27
667,2010s,2013,Sep,2013.708,393.51,396.8,27
668,2010s,2013,Oct,2013.792,393.66,396.97,28
669,2010s,2013,Nov,2013.875,395.11,397.28,30
670,2010s,2013,Dec,2013.958,396.81,397.61,30
671,2010s,2014,Jan,2014.042,397.8,397.54,31
672,2010s,2014,Feb,2014.125,397.91,397.09,26
673,2010s,2014,Mar,2014.208,399.59,398.09,24
674,2010s,2014,Apr,2014.292,401.27,398.6,28
675,2010s,2014,May,2014.375,401.83,398.61,22
676,2010s,2014,Jun,2014.458,401.15,398.8,28
677,2010s,2014,Jul,2014.542,399,398.52,25
678,2010s,2014,Aug,2014.625,397.01,398.73,21
679,2010s,2014,Sep,2014.708,395.28,398.57,21
680,2010s,2014,Oct,2014.792,395.93,399.24,24
681,2010s,2014,Nov,2014.875,397.13,399.3,27
682,2010s,2014,Dec,2014.958,398.78,399.73,29
683,2010s,2015,Jan,2015.042,399.96,399.71,30
684,2010s,2015,Feb,2015.125,400.26,399.49,27
685,2010s,2015,Mar,2015.208,401.52,400.06,24
686,2010s,2015,Apr,2015.292,403.26,400.59,27
687,2010s,2015,May,2015.375,403.94,400.71,30
688,2010s,2015,Jun,2015.458,402.8,400.47,28
689,2010s,2015,Jul,2015.542,401.31,400.9,23
690,2010s,2015,Aug,2015.625,398.93,400.73,28
691,2010s,2015,Sep,2015.708,397.63,401.04,25
692,2010s,2015,Oct,2015.792,398.29,401.67,28
693,2010s,2015,Nov,2015.875,400.16,402.3,27
694,2010s,2015,Dec,2015.958,401.85,402.65,30
695,2010s,2016,Jan,2016.042,402.52,402.36,27
696,2010s,2016,Feb,2016.125,404.04,403.28,26
697,2010s,2016,Mar,2016.208,404.83,403.23,29
698,2010s,2016,Apr,2016.292,407.42,404.54,25
699,2010s,2016,May,2016.375,407.7,404.32,29
700,2010s,2016,Jun,2016.458,406.81,404.47,26
701,2010s,2016,Jul,2016.542,404.39,403.99,28
702,2010s,2016,Aug,2016.625,402.25,404.1,23
703,2010s,2016,Sep,2016.708,401.03,404.54,24
704,2010s,2016,Oct,2016.792,401.57,404.93,29
705,2010s,2016,Nov,2016.875,403.53,405.58,27
706,2010s,2016,Dec,2016.958,404.42,405.19,29
707,2010s,2017,Jan,2017.042,406.13,405.9,26
708,2010s,2017,Feb,2017.125,406.42,405.61,26
709,2010s,2017,Mar,2017.208,407.18,405.61,23
710,2010s,2017,Apr,2017.292,409,406.11,25
711,2010s,2017,May,2017.375,409.65,406.26,27
712,2010s,2017,Jun,2017.458,408.84,406.56,26
713,2010s,2017,Jul,2017.542,407.07,406.66,28
714,2010s,2017,Aug,2017.625,405.07,406.94,29
715,2010s,2017,Sep,2017.708,403.38,406.94,26
